creator_category,offer_category,category_match,offer_budget,creator_expected_budget,budget_fit,deadline_days,creator_avg_delivery_days,deadline_fit,has_portfolio,creator_accept_rate,previous_collabs,rating_score,response_quality_score,text_similarity_score,result
motion_graphics,photography,0,592.63,1068.27,0.5548,40.47,1.77,1.0,1,0.1485,3,0.5266,0.2421,0.376,0
motion_graphics,video,1,2787.73,3263.26,0.8543,40.16,18.19,1.0,0,0.2068,5,0.4684,0.4007,0.5932,1
design,writing,0,9136.6,11668.09,0.783,18.68,1.49,1.0,0,0.0736,4,0.3445,0.3189,0.3262,0
photography,writing,0,8908.12,6445.1,0.7235,5.11,4.92,1.0,1,0.1069,3,0.2727,0.3722,0.2238,0
video,design,0,7754.23,9072.62,0.8547,3.41,7.31,0.0,0,0.3397,5,0.243,0.4266,0.3162,0
writing,motion_graphics,0,8717.33,17075.71,0.5105,18.3,2.67,1.0,1,0.1707,0,0.3581,0.1589,0.3803,0
photography,music,0,1860.07,1328.08,0.714,34.72,17.05,1.0,0,0.2606,2,0.4235,0.203,0.3064,0
music,video,0,2776.43,5434.0,0.5109,18.92,12.49,1.0,1,0.2588,1,0.4991,0.3926,0.2998,0
video,design,0,10019.55,15958.14,0.6279,28.63,13.69,1.0,1,0.2913,3,0.357,0.3162,0.2456,0
photography,music,0,6053.43,12227.18,0.4951,9.37,6.1,1.0,1,0.2641,2,0.2963,0.3526,0.1172,1
writing,writing,1,11424.2,14110.43,0.8096,4.69,2.77,1.0,1,0.3005,5,0.4557,0.2878,0.3636,1
writing,video,0,9900.43,12114.93,0.8172,27.65,4.82,1.0,0,0.1643,2,0.43,0.2842,0.1721,0
design,writing,0,5121.01,5670.1,0.9032,19.07,13.73,1.0,1,0.2252,4,0.2305,0.3991,0.0836,0
music,video,0,9034.74,4030.94,0.4462,43.44,11.7,1.0,0,0.2064,2,0.2849,0.3962,0.4117,0
motion_graphics,writing,0,11661.79,31929.44,0.3652,11.62,13.53,0.8354,0,0.2094,2,0.4239,0.198,0.3184,0
video,music,0,4965.14,6715.94,0.7393,16.13,7.76,1.0,0,0.2961,1,0.3351,0.5009,0.25,0
design,writing,0,882.22,1567.34,0.5629,20.4,4.68,1.0,1,0.1565,3,0.3566,0.3369,0.2722,0
motion_graphics,photography,0,2372.61,4542.36,0.5223,34.69,29.73,1.0,0,0.1707,4,0.4298,0.3813,0.117,0
motion_graphics,motion_graphics,1,8046.98,8220.39,0.9789,26.47,11.69,1.0,0,0.365,6,0.4826,0.3535,0.2567,1
music,photography,0,11373.04,14667.8,0.7754,17.68,13.87,1.0,0,0.1799,4,0.3342,0.2969,0.1992,0
motion_graphics,music,0,11775.58,12404.9,0.9493,42.63,8.08,1.0,0,0.2048,5,0.1434,0.3654,0.306,0
photography,writing,0,1911.03,1836.01,0.9607,14.7,9.23,1.0,1,0.3478,2,0.1211,0.269,0.3833,0
photography,video,1,2596.73,3292.11,0.7888,28.81,6.5,1.0,1,0.2852,2,0.3375,0.2055,0.4411,1
photography,photography,1,3591.87,3978.97,0.9027,38.4,17.47,1.0,1,0.1323,1,0.2432,0.2429,0.3856,1
writing,motion_graphics,0,8737.84,8989.21,0.972,27.05,17.14,1.0,0,0.151,7,0.3234,0.2875,0.2507,0
design,photography,0,11584.87,11833.25,0.979,30.42,15.39,1.0,1,0.1874,3,0.2561,0.3075,0.2152,0
photography,music,0,3889.63,6431.78,0.6048,16.06,2.62,1.0,0,0.2304,1,0.2735,0.2223,0.3973,0
motion_graphics,motion_graphics,1,10532.28,4022.42,0.3819,39.13,6.03,1.0,0,0.3013,5,0.3556,0.2683,0.2581,1
motion_graphics,design,1,9727.58,15146.36,0.6422,26.41,3.03,1.0,0,0.2317,3,0.3398,0.2985,0.5017,1
video,design,0,1937.51,1136.67,0.5867,40.35,12.96,1.0,0,0.1313,1,0.3415,0.4093,0.3735,0
writing,music,1,3471.81,4185.7,0.8294,25.81,19.06,1.0,1,0.2839,4,0.2504,0.2056,0.2983,1
photography,motion_graphics,0,10843.29,28428.16,0.3814,27.02,2.99,1.0,1,0.0694,5,0.5527,0.3695,0.2279,0
music,writing,1,730.15,1145.3,0.6375,27.94,4.58,1.0,1,0.2419,5,0.3193,0.2916,0.4427,1
video,video,1,2605.77,1456.71,0.559,31.17,11.27,1.0,1,0.313,7,0.4192,0.1364,0.4254,1
photography,music,0,3374.94,2657.84,0.7875,37.1,10.64,1.0,0,0.2197,0,0.3525,0.3773,0.1407,0
photography,photography,1,1465.02,1745.49,0.8393,22.3,4.82,1.0,0,0.195,4,0.3318,0.2308,0.2969,1
writing,writing,1,7320.09,5676.33,0.7754,38.61,21.98,1.0,1,0.2448,7,0.2168,0.2847,0.4967,1
design,motion_graphics,1,9439.15,4440.9,0.4705,40.23,6.61,1.0,1,0.2389,6,0.4347,0.1615,0.5382,1
motion_graphics,video,1,1516.2,1234.25,0.814,5.52,4.69,1.0,1,0.2188,5,0.325,0.3165,0.4722,1
video,photography,1,555.06,264.24,0.4761,40.9,19.01,1.0,1,0.334,3,0.3959,0.1869,0.4112,1
writing,video,0,9732.66,8696.83,0.8936,42.8,16.42,1.0,0,0.032,2,0.4451,0.1265,0.4173,0
design,motion_graphics,1,10658.25,6064.44,0.569,32.78,17.66,1.0,1,0.0695,3,0.3606,0.2581,0.1568,1
photography,video,1,9483.06,3197.51,0.3372,29.96,9.48,1.0,1,0.305,2,0.428,0.2456,0.2115,1
photography,photography,1,6883.4,7032.81,0.9788,15.02,7.54,1.0,1,0.4158,4,0.3962,0.3843,0.1708,1
design,video,0,9062.85,5372.76,0.5928,27.03,13.49,1.0,0,0.1662,3,0.3299,0.3055,0.2085,0
motion_graphics,video,1,6235.58,5480.28,0.8789,38.31,4.12,1.0,1,0.3257,5,0.2499,0.183,0.216,1
music,writing,1,7187.45,7985.01,0.9001,15.21,10.33,1.0,1,0.4209,2,0.3052,0.3009,0.2183,1
motion_graphics,music,0,2044.99,740.31,0.362,33.39,3.47,1.0,0,0.129,4,0.2612,0.3519,0.281,0
motion_graphics,writing,0,1414.33,1848.03,0.7653,19.16,24.45,0.7242,1,0.1426,1,0.3773,0.2758,0.2796,0
design,motion_graphics,1,4253.82,6340.76,0.6709,4.95,1.5,1.0,1,0.3511,7,0.3361,0.2981,0.1867,1
video,motion_graphics,1,3231.56,3493.36,0.9251,34.65,1.0,1.0,0,0.2498,1,0.5438,0.2101,0.2866,1
writing,music,1,1375.76,1315.09,0.9559,11.96,2.85,1.0,0,0.4422,6,0.3064,0.3583,0.424,1
motion_graphics,photography,0,4485.09,6053.43,0.7409,14.82,7.33,1.0,0,0.145,3,0.4374,0.1677,0.3133,0
video,design,0,8251.09,13584.71,0.6074,21.71,13.85,1.0,0,0.1184,1,0.2908,0.3416,0.2579,0
motion_graphics,video,1,7069.99,5000.46,0.7073,27.68,5.15,1.0,1,0.2335,3,0.4053,0.5495,0.2324,1
design,writing,0,1426.69,1950.81,0.7313,4.64,2.43,1.0,0,0.2278,4,0.2317,0.331,0.3639,0
writing,music,1,9497.15,11577.93,0.8203,5.19,3.82,1.0,1,0.1787,2,0.503,0.3444,0.3033,1
music,writing,1,5958.47,3952.11,0.6633,17.27,12.79,1.0,1,0.27,3,0.2731,0.4465,0.2385,1
photography,motion_graphics,0,6363.0,7520.97,0.846,7.23,1.61,1.0,1,0.2275,0,0.5439,0.3597,0.251,0
motion_graphics,writing,0,6988.16,5922.28,0.8475,9.8,2.53,1.0,1,0.1778,1,0.3072,0.2889,0.3229,1
design,video,0,423.5,141.61,0.3344,25.47,18.95,1.0,1,0.1696,4,0.3664,0.252,0.37,0
music,design,0,8930.14,11161.1,0.8001,35.38,15.11,1.0,0,0.2057,2,0.3716,0.3986,0.3435,1
photography,writing,0,2113.8,733.69,0.3471,29.8,5.66,1.0,0,0.1657,0,0.3598,0.3043,0.2967,0
video,motion_graphics,1,5667.03,6568.8,0.8627,40.08,7.29,1.0,1,0.3496,7,0.4853,0.244,0.3515,1
photography,design,0,9047.84,19710.43,0.459,5.27,5.51,0.9554,1,0.104,2,0.4048,0.3841,0.2548,0
design,design,1,6693.16,7969.11,0.8399,26.05,16.56,1.0,0,0.2406,7,0.355,0.4245,0.4101,1
writing,writing,1,8303.37,9576.72,0.867,40.74,19.31,1.0,1,0.3509,3,0.206,0.3186,0.5595,1
motion_graphics,photography,0,6391.59,10087.08,0.6336,4.78,4.82,0.9909,0,0.2076,4,0.2778,0.1969,0.4265,0
music,music,1,6658.96,9055.93,0.7353,27.73,7.53,1.0,1,0.3054,2,0.3395,0.3058,0.5548,1
writing,design,0,8590.47,3713.21,0.4322,4.01,8.28,0.0,0,0.2175,2,0.3459,0.3874,0.2831,0
video,music,0,10004.65,7582.52,0.7579,4.57,3.75,1.0,0,0.2077,1,0.2998,0.2225,0.3493,0
writing,motion_graphics,0,10083.24,18994.63,0.5308,16.12,17.48,0.9159,0,0.2614,7,0.4455,0.1817,0.2296,0
writing,music,1,4130.68,3205.31,0.776,8.83,7.34,1.0,1,0.3339,6,0.2861,0.2854,0.4764,1
photography,writing,0,6128.44,12956.46,0.473,14.31,8.39,1.0,0,0.1656,4,0.3085,0.3089,0.2936,0
design,writing,0,11227.12,29324.87,0.3829,12.99,3.88,1.0,0,0.2298,2,0.3554,0.2452,0.2595,0
writing,design,0,4698.71,11730.91,0.4005,36.73,5.04,1.0,1,0.052,2,0.4844,0.4415,0.3069,0
motion_graphics,photography,0,4574.66,10863.34,0.4211,15.18,9.97,1.0,0,0.1002,5,0.3974,0.2594,0.4245,0
photography,writing,0,2329.34,2286.76,0.9817,34.82,4.26,1.0,1,0.2054,2,0.4615,0.2787,0.1398,1
photography,music,0,6324.37,10336.29,0.6119,20.6,13.13,1.0,1,0.1308,3,0.2949,0.3612,0.1563,0
design,photography,0,6834.3,3103.68,0.4541,42.9,9.31,1.0,1,0.1778,3,0.441,0.1787,0.2067,0
writing,motion_graphics,0,9956.93,18331.69,0.5432,32.12,3.48,1.0,0,0.1245,3,0.3177,0.3057,0.2823,0
video,music,0,6616.44,5269.63,0.7964,41.66,10.56,1.0,0,0.0903,5,0.2495,0.3423,0.2879,0
writing,photography,0,1980.58,1531.19,0.7731,42.19,15.45,1.0,0,0.3355,4,0.2627,0.3176,0.1882,0
video,video,1,8319.69,10887.91,0.7641,7.03,1.0,1.0,1,0.2732,4,0.3482,0.2272,0.1695,1
video,video,1,2178.52,961.52,0.4414,26.95,1.0,1.0,1,0.3038,3,0.2198,0.4061,0.5534,1
music,motion_graphics,0,6139.59,7965.94,0.7707,27.93,25.34,1.0,0,0.1392,1,0.27,0.4036,0.3058,0
video,video,1,1018.66,824.59,0.8095,37.0,19.25,1.0,0,0.1516,4,0.3314,0.3903,0.3326,1
motion_graphics,writing,0,2413.03,3250.97,0.7422,39.23,23.26,1.0,0,0.1644,2,0.1971,0.3048,0.3052,0
motion_graphics,writing,0,11411.19,13272.62,0.8598,8.14,8.78,0.9202,1,0.1795,0,0.526,0.2267,0.429,0
writing,motion_graphics,0,9817.11,10277.79,0.9552,4.15,4.56,0.9007,0,0.2067,5,0.1941,0.4184,0.1962,0
design,photography,0,3695.26,4797.77,0.7702,31.74,8.94,1.0,1,0.3739,4,0.3141,0.3225,0.341,1
music,photography,0,5465.78,7979.56,0.685,22.23,1.73,1.0,1,0.2316,1,0.3466,0.3932,0.3133,0
music,motion_graphics,0,9734.33,9934.38,0.9799,37.95,19.88,1.0,0,0.1848,2,0.3527,0.1651,0.3049,0
music,motion_graphics,0,5039.57,9816.67,0.5134,33.49,11.06,1.0,0,0.2172,3,0.4754,0.262,0.2207,1
video,motion_graphics,1,2548.76,1862.59,0.7308,41.18,15.76,1.0,1,0.4498,2,0.3289,0.2299,0.3601,1
design,motion_graphics,1,3717.84,2217.08,0.5963,24.25,10.85,1.0,1,0.2184,6,0.3135,0.3176,0.3229,1
photography,writing,0,4213.57,6553.37,0.643,14.92,4.55,1.0,0,0.0737,2,0.283,0.1212,0.37,0
design,design,1,6217.69,5348.89,0.8603,22.22,10.48,1.0,1,0.2676,5,0.2978,0.2858,0.4757,1
writing,design,0,9081.54,12899.13,0.704,43.42,14.57,1.0,0,0.1038,5,0.4094,0.3044,0.3326,0
writing,music,1,788.97,1065.78,0.7403,43.37,18.89,1.0,0,0.1944,11,0.1599,0.4122,0.4593,1
motion_graphics,design,1,3040.82,1919.37,0.6312,40.99,22.68,1.0,0,0.2426,3,0.2049,0.363,0.2012,1
photography,music,0,3088.8,1143.95,0.3704,17.01,18.12,0.9348,0,0.0826,4,0.4927,0.1937,0.2972,0
motion_graphics,design,1,970.62,719.2,0.741,20.73,10.14,1.0,1,0.3002,1,0.3533,0.231,0.4345,1
music,motion_graphics,0,1064.92,1183.09,0.9001,36.39,7.03,1.0,0,0.2344,3,0.3609,0.3003,0.2476,1
photography,video,1,10847.27,10267.15,0.9465,6.28,1.0,1.0,1,0.396,7,0.4016,0.3618,0.6462,1
music,music,1,2689.19,1094.77,0.4071,25.45,7.34,1.0,1,0.2911,3,0.3556,0.3636,0.4591,1
design,motion_graphics,1,6952.8,2575.33,0.3704,39.56,8.43,1.0,0,0.3853,3,0.3325,0.4427,0.2442,1
design,video,0,10932.45,3903.72,0.3571,4.17,4.92,0.8208,1,0.1397,2,0.3751,0.3946,0.4051,1
design,motion_graphics,1,5313.43,4179.84,0.7867,23.95,8.03,1.0,0,0.3375,3,0.6591,0.3344,0.2721,1
music,photography,0,9178.64,15811.07,0.5805,9.42,8.16,1.0,0,0.2501,1,0.2975,0.345,0.4337,0
writing,motion_graphics,0,10673.82,17682.72,0.6036,39.52,9.9,1.0,0,0.0926,2,0.2191,0.097,0.1897,0
motion_graphics,music,0,4727.7,3605.69,0.7627,16.87,6.57,1.0,0,0.3753,1,0.6904,0.4842,0.419,1
video,music,0,9265.81,19076.81,0.4857,8.17,6.19,1.0,1,0.3723,1,0.2408,0.3757,0.3135,0
music,photography,0,11779.37,17189.74,0.6853,11.85,12.07,0.981,1,0.2571,2,0.2975,0.4194,0.2423,0
motion_graphics,motion_graphics,1,8004.67,9420.72,0.8497,14.56,6.19,1.0,1,0.1157,2,0.4102,0.2441,0.3196,1
writing,video,0,7392.21,13534.75,0.5462,30.83,3.78,1.0,1,0.1699,6,0.2237,0.338,0.446,0
writing,writing,1,7257.02,6845.42,0.9433,3.4,1.0,1.0,1,0.257,8,0.3661,0.3282,0.6469,1
video,photography,1,4254.12,4383.24,0.9705,37.93,23.99,1.0,1,0.3044,3,0.3201,0.3897,0.3584,1
motion_graphics,motion_graphics,1,10163.84,6834.27,0.6724,3.89,6.16,0.4153,1,0.3005,7,0.3832,0.2572,0.1819,1
video,video,1,8973.12,8470.47,0.944,35.71,17.23,1.0,1,0.2289,3,0.5485,0.2171,0.5588,1
writing,video,0,3849.9,3009.2,0.7816,4.92,7.87,0.3992,1,0.3088,0,0.3389,0.18,0.1249,0
motion_graphics,music,0,1472.74,2658.91,0.5539,36.94,13.89,1.0,0,0.0924,2,0.328,0.4141,0.175,0
photography,video,1,11019.94,9702.25,0.8804,32.87,17.81,1.0,1,0.0913,5,0.6437,0.3469,0.2809,0
video,design,0,1224.22,549.62,0.449,37.18,9.98,1.0,0,0.3258,1,0.3732,0.2489,0.3758,0
photography,video,1,9094.65,10670.64,0.8523,19.41,9.34,1.0,0,0.232,4,0.5574,0.3948,0.6549,1
writing,music,1,763.23,1081.98,0.7054,19.84,17.88,1.0,0,0.3392,2,0.3419,0.2518,0.3413,1
motion_graphics,music,0,10494.08,9706.08,0.9249,6.88,4.36,1.0,0,0.2169,2,0.5851,0.3139,0.2437,1
video,motion_graphics,1,8356.04,7637.59,0.914,14.9,13.16,1.0,1,0.2798,3,0.4672,0.2236,0.726,1
design,writing,0,1684.96,3234.75,0.5209,38.17,3.8,1.0,1,0.1395,4,0.3759,0.2384,0.244,0
photography,writing,0,569.55,167.6,0.2943,39.41,5.31,1.0,1,0.2554,3,0.4814,0.1758,0.3624,0
writing,design,0,1504.17,3428.07,0.4388,6.14,5.14,1.0,1,0.3672,0,0.1791,0.2428,0.2807,0
design,writing,0,5690.12,6579.63,0.8648,34.63,40.23,0.8381,0,0.265,1,0.1846,0.353,0.3323,0
design,music,0,6175.63,2778.54,0.4499,30.24,18.95,1.0,0,0.1044,4,0.3166,0.2874,0.1838,0
music,motion_graphics,0,4404.14,9075.47,0.4853,13.65,5.15,1.0,1,0.2095,3,0.4897,0.4083,0.2224,0
music,video,0,8024.96,8034.76,0.9988,39.08,18.92,1.0,1,0.1265,3,0.3373,0.3126,0.2434,0
photography,photography,1,3461.05,3428.75,0.9907,7.5,6.77,1.0,1,0.2885,3,0.0879,0.105,0.2852,1
photography,motion_graphics,0,7909.94,8999.85,0.8789,8.85,3.06,1.0,0,0.0981,6,0.3023,0.2955,0.2276,1
music,writing,1,9761.46,6386.14,0.6542,27.45,12.45,1.0,1,0.2127,1,0.1891,0.4802,0.4974,1
photography,writing,0,10880.59,14081.3,0.7727,42.9,16.8,1.0,0,0.0867,6,0.2567,0.2748,0.1098,1
writing,video,0,10466.96,25943.16,0.4035,16.39,7.48,1.0,0,0.2466,2,0.3535,0.3327,0.2409,0
writing,video,0,2201.82,1334.55,0.6061,3.64,1.55,1.0,1,0.2037,3,0.3184,0.2019,0.2704,1
motion_graphics,music,0,10547.48,11690.56,0.9022,36.1,12.62,1.0,0,0.132,1,0.4704,0.3176,0.191,1
motion_graphics,writing,0,8091.06,2743.46,0.3391,20.16,9.74,1.0,0,0.0751,3,0.3461,0.3953,0.3465,0
video,design,0,11456.11,12184.13,0.9402,40.06,24.56,1.0,0,0.1303,3,0.3822,0.3546,0.2752,0
motion_graphics,photography,0,11405.44,20689.6,0.5513,12.25,4.65,1.0,1,0.1499,2,0.4629,0.243,0.2101,0
motion_graphics,photography,0,3909.57,5832.58,0.6703,9.99,9.01,1.0,0,0.1336,3,0.3077,0.4077,0.2291,0
video,music,0,1388.83,3682.94,0.3771,25.39,10.13,1.0,0,0.1203,3,0.3894,0.416,0.3118,0
video,motion_graphics,1,11087.05,12448.36,0.8906,24.94,15.4,1.0,1,0.3231,2,0.2706,0.3934,0.5259,1
design,design,1,1368.66,1156.77,0.8452,39.73,7.17,1.0,1,0.2275,10,0.3388,0.2091,0.6505,1
design,motion_graphics,1,8913.5,11025.3,0.8085,8.53,1.0,1.0,1,0.1582,3,0.2876,0.3878,0.2521,1
video,music,0,2943.74,2746.92,0.9331,32.3,9.75,1.0,1,0.3777,3,0.1862,0.1527,0.3093,0
writing,music,1,7238.99,5697.0,0.787,9.99,7.02,1.0,1,0.2513,4,0.309,0.2351,0.0111,1
design,music,0,2063.75,1522.21,0.7376,43.11,9.15,1.0,1,0.2955,1,0.3611,0.2338,0.1806,0
photography,writing,0,1406.5,2661.74,0.5284,21.11,8.91,1.0,1,0.3179,2,0.4819,0.2763,0.2832,0
writing,video,0,6635.06,3819.54,0.5757,37.55,7.62,1.0,0,0.2163,4,0.3964,0.4257,0.3479,0
motion_graphics,design,1,8295.22,6377.86,0.7689,27.37,7.43,1.0,1,0.1297,4,0.1894,0.3105,0.4963,1
motion_graphics,photography,0,4551.47,5478.36,0.8308,8.21,7.24,1.0,0,0.0775,0,0.2572,0.383,0.2124,0
video,design,0,3918.91,2856.75,0.729,35.68,27.06,1.0,0,0.2807,4,0.4395,0.3771,0.2975,0
photography,video,1,9128.35,5219.44,0.5718,24.31,9.37,1.0,1,0.2291,5,0.303,0.2855,0.4152,1
design,motion_graphics,1,8685.07,7187.54,0.8276,18.69,5.31,1.0,1,0.3587,3,0.2395,0.2387,0.3588,1
music,music,1,9637.73,12886.31,0.7479,18.69,12.4,1.0,1,0.1647,2,0.5668,0.2324,0.4165,1
motion_graphics,design,1,2659.91,2689.46,0.989,44.62,13.2,1.0,0,0.4283,4,0.507,0.3559,0.2178,1
writing,music,1,9932.03,8698.33,0.8758,9.36,8.36,1.0,1,0.2224,4,0.1714,0.3419,0.4322,1
video,motion_graphics,1,1999.09,3348.14,0.5971,38.73,28.51,1.0,1,0.2588,6,0.3756,0.4237,0.5585,1
design,video,0,2157.37,1854.87,0.8598,42.09,31.48,1.0,0,0.096,4,0.3675,0.457,0.3582,0
music,writing,1,2270.94,2185.62,0.9624,39.35,15.97,1.0,0,0.421,4,0.3276,0.1828,0.26,1
video,music,0,9682.17,14295.69,0.6773,17.45,7.71,1.0,0,0.1086,1,0.3727,0.3882,0.581,1
motion_graphics,video,1,608.4,523.33,0.8602,32.19,7.55,1.0,1,0.2802,6,0.4585,0.2251,0.3723,1
music,motion_graphics,0,9243.07,11198.62,0.8254,32.28,12.67,1.0,0,0.2373,6,0.3804,0.2618,0.2706,1
photography,motion_graphics,0,10977.59,16729.12,0.6562,40.44,22.15,1.0,1,0.2516,7,0.2775,0.4641,0.3498,0
design,photography,0,3893.3,3435.25,0.8823,34.05,13.32,1.0,1,0.2164,2,0.2963,0.4164,0.4026,1
photography,photography,1,2159.41,3134.61,0.6889,5.79,4.97,1.0,1,0.3476,1,0.374,0.3348,0.2301,0
motion_graphics,design,1,8771.73,10617.78,0.8261,31.74,5.8,1.0,1,0.288,7,0.3964,0.3099,0.3903,1
writing,music,1,895.36,886.66,0.9903,26.17,6.48,1.0,1,0.2946,8,0.296,0.3706,0.4426,1
music,writing,1,6991.35,6625.75,0.9477,31.21,6.01,1.0,1,0.359,5,0.4705,0.2759,0.4648,1
photography,photography,1,9785.83,6498.42,0.6641,7.5,1.0,1.0,0,0.3769,2,0.3584,0.3236,0.4345,1
motion_graphics,video,1,3592.95,3749.36,0.9583,40.91,5.1,1.0,1,0.3896,5,0.3594,0.3118,0.3359,1
photography,photography,1,11449.52,13201.53,0.8673,28.53,6.3,1.0,1,0.2006,0,0.3959,0.3793,0.5955,1
design,motion_graphics,1,335.72,275.89,0.8218,35.91,7.63,1.0,0,0.3446,1,0.401,0.3017,0.3415,1
video,video,1,4256.45,5473.49,0.7776,34.54,14.56,1.0,1,0.3291,3,0.3484,0.217,0.2543,1
motion_graphics,design,1,2641.67,2178.86,0.8248,31.32,35.84,0.8555,1,0.2051,8,0.0478,0.1346,0.473,1
music,motion_graphics,0,4715.87,4839.66,0.9744,22.56,12.63,1.0,1,0.1865,3,0.1774,0.3622,0.3283,1
writing,writing,1,791.15,1011.55,0.7821,30.91,9.13,1.0,1,0.3467,8,0.2988,0.2791,0.6396,1
photography,music,0,3250.23,2043.57,0.6287,37.89,19.03,1.0,1,0.1189,1,0.2848,0.2552,0.0989,0
writing,motion_graphics,0,5240.39,7921.58,0.6615,19.86,33.71,0.3021,1,0.1473,0,0.2177,0.2489,0.2994,0
design,motion_graphics,1,10917.84,12909.94,0.8457,42.87,21.33,1.0,1,0.3346,10,0.4079,0.2593,0.4235,1
motion_graphics,video,1,2442.01,1639.53,0.6714,23.34,7.77,1.0,1,0.2665,2,0.2576,0.2864,0.144,1
music,photography,0,1419.5,583.14,0.4108,22.3,3.13,1.0,1,0.1137,5,0.2037,0.28,0.1724,0
photography,music,0,4565.49,3249.28,0.7117,32.2,7.24,1.0,0,0.2018,1,0.2951,0.4619,0.2461,0
writing,writing,1,8704.76,10661.2,0.8165,34.57,15.2,1.0,1,0.311,5,0.5124,0.2347,0.418,1
photography,writing,0,7151.77,12069.97,0.5925,30.99,14.6,1.0,0,0.0718,0,0.263,0.4109,0.3745,1
video,music,0,11681.31,7908.77,0.677,27.85,29.09,0.9556,1,0.1424,5,0.3187,0.2725,0.2454,0
design,design,1,10795.56,10696.9,0.9909,15.24,8.82,1.0,0,0.1601,7,0.1978,0.3529,0.471,1
design,video,0,5164.87,9843.93,0.5247,9.22,11.0,0.8079,0,0.142,8,0.2675,0.3681,0.4156,0
music,writing,1,2796.95,1847.73,0.6606,12.86,2.84,1.0,1,0.1858,4,0.4248,0.1644,0.481,1
design,design,1,2524.68,3191.23,0.7911,35.49,20.16,1.0,1,0.443,3,0.4624,0.1641,0.574,1
design,photography,0,3535.22,8234.63,0.4293,37.09,18.75,1.0,1,0.1354,3,0.3333,0.3335,0.2756,0
writing,design,0,9037.39,14378.92,0.6285,37.21,15.44,1.0,0,0.0603,2,0.4017,0.2879,0.3407,0
design,photography,0,9437.79,15004.52,0.629,29.96,5.29,1.0,1,0.1826,0,0.2152,0.2772,0.3647,0
photography,photography,1,3300.54,5145.82,0.6414,20.18,16.27,1.0,1,0.4478,3,0.3872,0.2172,0.3054,1
music,photography,0,5385.04,9810.28,0.5489,40.12,18.28,1.0,0,0.1663,1,0.4841,0.366,0.2092,0
video,video,1,650.53,611.25,0.9396,35.76,19.38,1.0,1,0.3724,2,0.3883,0.206,0.3779,1
writing,motion_graphics,0,760.7,669.73,0.8804,28.8,16.74,1.0,0,0.3304,3,0.2012,0.14,0.2746,0
motion_graphics,photography,0,8123.37,6133.1,0.755,36.27,6.35,1.0,0,0.1544,3,0.3808,0.0568,0.3177,0
writing,design,0,10099.88,10845.91,0.9312,29.75,16.09,1.0,0,0.3266,3,0.3051,0.3904,0.2799,1
writing,photography,0,9872.62,12286.98,0.8035,31.77,2.56,1.0,0,0.1977,2,0.4726,0.3514,0.358,1
writing,motion_graphics,0,7374.52,12464.4,0.5916,22.16,9.86,1.0,0,0.0846,4,0.3447,0.4601,0.301,0
motion_graphics,video,1,1393.92,1000.71,0.7179,27.06,13.46,1.0,1,0.3111,7,0.4029,0.3882,0.2566,1
design,photography,0,8657.49,13728.04,0.6306,31.2,16.58,1.0,1,0.316,2,0.3624,0.2649,0.2518,0
design,motion_graphics,1,3226.47,5044.18,0.6396,22.76,4.88,1.0,1,0.1532,8,0.3382,0.4971,0.3795,1
writing,design,0,8870.13,7309.48,0.8241,8.83,8.99,0.981,0,0.2817,4,0.3552,0.3089,0.1377,0
design,music,0,11932.05,11348.05,0.9511,16.37,5.63,1.0,0,0.1976,5,0.3746,0.4163,0.2661,1
music,video,0,4579.91,5690.5,0.8048,38.71,14.01,1.0,0,0.1341,0,0.0941,0.385,0.316,0
writing,video,0,5005.67,14332.58,0.3493,26.41,13.88,1.0,0,0.1889,1,0.292,0.3405,0.396,0
motion_graphics,music,0,8716.52,5962.55,0.6841,38.53,11.23,1.0,0,0.2536,4,0.2641,0.4037,0.46,0
writing,writing,1,10942.81,7977.61,0.729,20.3,4.99,1.0,0,0.3424,4,0.3098,0.3204,0.418,1
photography,photography,1,3404.15,3206.61,0.942,40.16,17.67,1.0,1,0.2859,2,0.4052,0.2716,0.2387,1
music,motion_graphics,0,1933.73,1421.97,0.7354,31.28,2.27,1.0,0,0.1328,1,0.4284,0.3913,0.2434,1
video,design,0,5259.19,3904.07,0.7423,41.81,11.25,1.0,1,0.2118,4,0.2697,0.3717,0.1501,0
motion_graphics,motion_graphics,1,4585.05,3554.32,0.7752,27.9,5.23,1.0,1,0.2965,6,0.4532,0.1887,0.3125,1
writing,motion_graphics,0,10337.67,4976.09,0.4814,44.89,1.66,1.0,0,0.2234,5,0.2844,0.3156,0.2836,0
photography,design,0,4621.71,6545.81,0.7061,24.54,12.11,1.0,0,0.09,2,0.3424,0.1763,0.3188,0
photography,video,1,10885.24,11403.66,0.9545,20.94,7.37,1.0,0,0.3382,8,0.2608,0.4143,0.4694,1
design,motion_graphics,1,5066.34,4107.44,0.8107,22.95,10.45,1.0,1,0.4248,8,0.2463,0.1613,0.4817,1
design,motion_graphics,1,7309.57,10032.44,0.7286,44.78,14.72,1.0,1,0.4383,3,0.3159,0.3037,0.3606,1
motion_graphics,design,1,9313.97,9689.44,0.9612,15.15,5.53,1.0,0,0.2612,2,0.4265,0.2106,0.4713,1
video,design,0,5331.98,7866.64,0.6778,22.37,4.91,1.0,0,0.122,3,0.3758,0.0714,0.307,0
video,motion_graphics,1,6680.23,11513.13,0.5802,14.2,1.0,1.0,1,0.2007,4,0.4205,0.397,0.4615,1
design,video,0,1846.75,2070.52,0.8919,24.9,3.75,1.0,1,0.209,1,0.1826,0.2223,0.3253,1
design,motion_graphics,1,9345.21,3044.81,0.3258,38.08,11.85,1.0,0,0.2926,1,0.3792,0.1649,0.3696,0
writing,music,1,10792.47,11961.07,0.9023,42.62,10.45,1.0,1,0.2735,5,0.2014,0.2374,0.4957,1
photography,motion_graphics,0,4971.79,12125.01,0.41,20.22,9.63,1.0,0,0.1051,5,0.1352,0.395,0.3448,0
motion_graphics,design,1,9630.15,7487.47,0.7775,11.96,7.7,1.0,0,0.2748,4,0.3785,0.335,0.5529,1
photography,video,1,11542.77,11139.06,0.965,26.71,8.31,1.0,1,0.2698,5,0.4359,0.2642,0.4903,1
writing,writing,1,879.35,751.08,0.8541,30.04,16.42,1.0,0,0.2746,2,0.2525,0.3518,0.443,1
video,video,1,394.18,356.8,0.9052,17.61,8.29,1.0,1,0.2609,5,0.3369,0.3199,0.3468,1
music,photography,0,8430.37,17884.67,0.4714,38.36,4.34,1.0,1,0.2271,1,0.2847,0.3067,0.3492,0
design,design,1,8051.08,4735.32,0.5882,13.58,3.39,1.0,1,0.2706,3,0.3125,0.3032,0.3632,1
writing,design,0,1696.18,3673.93,0.4617,37.49,2.35,1.0,0,0.1936,5,0.298,0.1759,0.4726,0
photography,motion_graphics,0,7586.46,9873.38,0.7684,33.42,18.06,1.0,1,0.3377,2,0.5714,0.2144,0.2667,1
writing,video,0,6244.13,4111.91,0.6585,36.03,9.88,1.0,0,0.0798,2,0.3514,0.3049,0.2998,0
motion_graphics,motion_graphics,1,596.19,610.31,0.9769,36.46,26.49,1.0,1,0.3127,4,0.2203,0.3051,0.3549,1
design,design,1,2277.02,1575.54,0.6919,32.37,8.75,1.0,1,0.1995,2,0.1355,0.2156,0.5637,1
design,video,0,6854.49,9365.68,0.7319,9.48,11.77,0.7583,1,0.1293,2,0.1821,0.2453,0.1505,1
motion_graphics,photography,0,7041.91,4607.52,0.6543,23.86,16.11,1.0,1,0.3648,4,0.2974,0.4122,0.1471,0
video,video,1,6887.57,6941.08,0.9923,41.71,11.29,1.0,1,0.2897,2,0.3615,0.1976,0.4771,1
video,motion_graphics,1,2890.46,3073.57,0.9404,15.82,5.72,1.0,1,0.1637,3,0.6472,0.2522,0.2165,1
photography,design,0,9411.79,16811.05,0.5599,17.0,9.48,1.0,0,0.1564,2,0.263,0.4105,0.3393,0
music,video,0,2503.39,1797.57,0.7181,25.54,16.85,1.0,1,0.2382,0,0.2219,0.3303,0.3568,1
motion_graphics,photography,0,1363.14,3725.13,0.3659,30.8,14.4,1.0,0,0.2325,3,0.1805,0.3346,0.357,0
music,video,0,8414.96,10718.19,0.7851,27.69,13.78,1.0,0,0.0725,1,0.3541,0.4005,0.2509,0
video,design,0,5592.5,3884.31,0.6946,10.16,2.09,1.0,0,0.1374,4,0.3825,0.3643,0.1822,0
writing,writing,1,984.31,691.39,0.7024,38.15,1.0,1.0,1,0.4173,2,0.2501,0.3782,0.2065,1
writing,video,0,2562.68,4836.98,0.5298,3.16,1.23,1.0,1,0.1209,3,0.3613,0.1468,0.1988,1
photography,music,0,9139.56,10184.82,0.8974,42.24,20.97,1.0,1,0.0946,2,0.2766,0.3476,0.1392,1
writing,video,0,5045.85,4975.57,0.9861,36.71,26.57,1.0,0,0.1059,2,0.4302,0.5142,0.0,0
writing,video,0,7847.08,11400.67,0.6883,26.43,14.08,1.0,0,0.1885,3,0.3868,0.3033,0.2013,1
design,writing,0,2935.12,3182.19,0.9224,43.72,8.81,1.0,1,0.1842,4,0.2006,0.2932,0.3658,1
video,video,1,10214.64,8011.64,0.7843,24.44,4.4,1.0,1,0.3061,3,0.3152,0.2872,0.5513,1
writing,writing,1,4281.33,3635.49,0.8491,3.71,9.41,0.0,1,0.3499,4,0.2278,0.1423,0.5803,1
photography,design,0,6479.51,10196.69,0.6355,27.28,18.11,1.0,1,0.2594,1,0.4081,0.1498,0.2774,0
motion_graphics,music,0,2717.03,3307.06,0.8216,32.28,24.68,1.0,0,0.4388,4,0.2734,0.2651,0.3299,0
music,video,0,801.39,816.24,0.9818,3.05,1.64,1.0,0,0.0978,0,0.463,0.1956,0.2109,0
design,music,0,3622.39,1873.4,0.5172,13.54,7.78,1.0,1,0.1509,2,0.2589,0.2919,0.1424,1
music,photography,0,1562.22,1452.31,0.9296,21.13,13.85,1.0,1,0.1634,3,0.2907,0.1205,0.2134,1
design,video,0,3729.69,11823.98,0.3154,10.71,1.0,1.0,1,0.1929,2,0.4671,0.2689,0.2751,0
photography,writing,0,9065.66,18529.4,0.4893,7.6,6.82,1.0,1,0.1802,0,0.27,0.2201,0.2422,0
design,design,1,8320.48,5418.43,0.6512,22.18,16.19,1.0,1,0.3052,4,0.3686,0.2496,0.4046,1
writing,photography,0,8358.0,9178.19,0.9106,41.74,8.88,1.0,0,0.1505,1,0.3903,0.2727,0.2994,1
video,music,0,8787.25,7787.96,0.8863,10.46,9.12,1.0,0,0.2016,3,0.4639,0.3718,0.3909,0
video,design,0,3898.91,4432.82,0.8796,9.4,6.85,1.0,0,0.1669,0,0.3038,0.226,0.2029,0
design,photography,0,11994.18,14431.45,0.8311,26.13,18.38,1.0,1,0.2096,4,0.2652,0.2949,0.2152,1
photography,writing,0,2616.2,2638.53,0.9915,39.26,33.69,1.0,0,0.1708,2,0.3892,0.5167,0.2538,0
writing,photography,0,2878.57,3582.7,0.8035,34.02,20.5,1.0,1,0.1073,2,0.1966,0.2539,0.299,0
video,video,1,5247.36,4096.32,0.7806,21.54,7.18,1.0,0,0.2708,6,0.2682,0.2999,0.4307,1
video,design,0,3338.59,1142.0,0.3421,25.04,23.96,1.0,0,0.0738,0,0.3537,0.2021,0.3786,0
motion_graphics,music,0,11940.35,30157.43,0.3959,40.4,8.66,1.0,1,0.1175,0,0.0553,0.4192,0.2074,0
music,photography,0,1767.63,2367.32,0.7467,19.6,10.98,1.0,0,0.2077,0,0.0791,0.3415,0.31,0
writing,video,0,8433.17,7609.93,0.9024,9.81,1.0,1.0,0,0.289,3,0.2658,0.3921,0.2512,0
video,video,1,10532.35,6946.93,0.6596,11.02,7.4,1.0,1,0.3342,3,0.4195,0.2386,0.4604,1
music,design,0,5033.01,6720.13,0.7489,30.66,28.38,1.0,0,0.2703,4,0.3881,0.2244,0.1359,0
writing,design,0,4773.16,2241.84,0.4697,43.53,16.04,1.0,0,0.1832,3,0.4465,0.31,0.1566,0
design,video,0,8458.8,12024.79,0.7034,14.2,2.33,1.0,1,0.1627,5,0.3133,0.3242,0.3795,0
motion_graphics,music,0,9133.71,22640.37,0.4034,40.86,29.46,1.0,0,0.3404,1,0.33,0.2919,0.2137,0
design,motion_graphics,1,6325.94,5033.02,0.7956,44.47,7.74,1.0,0,0.1631,5,0.512,0.1356,0.4748,1
video,writing,0,7442.8,2187.64,0.2939,18.98,8.83,1.0,0,0.2775,2,0.3066,0.3915,0.3069,0
writing,music,1,6738.13,6404.44,0.9505,38.38,13.02,1.0,1,0.1253,5,0.3176,0.3547,0.4761,1
design,writing,0,4707.65,2674.08,0.568,41.57,7.68,1.0,0,0.3644,3,0.2984,0.4146,0.4257,0
writing,writing,1,10931.57,12452.13,0.8779,41.42,21.07,1.0,0,0.2535,5,0.253,0.1838,0.4205,1
video,writing,0,11644.57,6053.99,0.5199,10.67,6.11,1.0,0,0.3771,3,0.3832,0.2099,0.3281,0
writing,writing,1,8750.13,4923.38,0.5627,22.3,9.32,1.0,0,0.2475,0,0.3404,0.3832,0.1475,0
photography,motion_graphics,0,3944.34,3760.84,0.9535,14.6,4.53,1.0,0,0.1796,2,0.3065,0.2462,0.3526,1
photography,design,0,8264.77,6220.76,0.7527,25.56,11.07,1.0,0,0.1356,0,0.2981,0.3155,0.3227,0
video,photography,1,1812.41,2049.07,0.8845,29.92,20.53,1.0,1,0.2474,7,0.365,0.2151,0.38,1
design,music,0,1499.82,617.38,0.4116,3.44,6.6,0.0826,0,0.248,3,0.2444,0.3657,0.2923,1
motion_graphics,music,0,875.36,651.99,0.7448,34.34,16.2,1.0,0,0.048,3,0.4309,0.4012,0.3035,0
video,motion_graphics,1,4302.53,5697.32,0.7552,16.59,5.18,1.0,1,0.2473,2,0.4056,0.2103,0.4419,1
motion_graphics,music,0,10631.55,32521.77,0.3269,33.61,7.7,1.0,0,0.2307,4,0.5114,0.4752,0.3238,0
music,motion_graphics,0,5694.81,9373.84,0.6075,25.11,11.95,1.0,1,0.2316,4,0.3143,0.3245,0.3139,0
music,writing,1,10313.28,8672.79,0.8409,5.41,1.0,1.0,1,0.1674,3,0.2597,0.3037,0.4912,1
music,design,0,4441.07,10135.54,0.4382,43.89,5.67,1.0,0,0.1334,6,0.1143,0.1446,0.2942,0
design,music,0,5213.88,9380.66,0.5558,11.81,6.24,1.0,0,0.1557,3,0.336,0.335,0.3519,0
music,writing,1,1075.81,937.16,0.8711,26.43,9.52,1.0,1,0.1337,1,0.4917,0.1936,0.481,1
video,music,0,6279.08,9762.38,0.6432,33.64,6.88,1.0,0,0.0658,1,0.4527,0.3232,0.3263,1
video,music,0,6294.82,5767.82,0.9163,41.43,19.09,1.0,0,0.2275,0,0.2501,0.4228,0.2567,0
photography,music,0,6905.17,11434.36,0.6039,15.04,14.53,1.0,0,0.1649,0,0.4898,0.4422,0.2323,0
video,music,0,1707.48,2250.03,0.7589,17.72,12.44,1.0,0,0.2781,4,0.3524,0.2883,0.1878,1
video,design,0,1043.27,563.78,0.5404,3.59,3.73,0.959,0,0.1335,4,0.2834,0.2859,0.3157,0
photography,photography,1,3985.93,4082.22,0.9764,3.8,1.0,1.0,0,0.3339,2,0.3596,0.3348,0.3281,1
music,music,1,4639.84,3138.83,0.6765,38.58,9.09,1.0,0,0.3821,8,0.3422,0.3508,0.4325,1
photography,video,1,10367.2,6482.57,0.6253,40.67,16.66,1.0,1,0.1582,5,0.4054,0.2533,0.2772,1
writing,photography,0,684.48,470.8,0.6878,17.7,8.36,1.0,1,0.0973,1,0.3923,0.3368,0.2516,0
motion_graphics,photography,0,5982.26,9348.65,0.6399,5.47,7.74,0.5838,0,0.1552,4,0.4081,0.2941,0.3093,0
design,motion_graphics,1,6113.12,4148.3,0.6786,6.15,3.58,1.0,1,0.5199,6,0.4657,0.3145,0.543,1
music,music,1,2271.46,1792.75,0.7893,36.3,8.19,1.0,1,0.2468,3,0.3732,0.2671,0.5673,1
writing,music,1,9658.45,10422.23,0.9267,40.12,6.95,1.0,1,0.2493,5,0.3256,0.2117,0.4306,0
video,design,0,5903.25,9185.52,0.6427,15.42,6.15,1.0,0,0.195,5,0.3127,0.3456,0.2695,0
design,photography,0,4502.44,3194.52,0.7095,20.06,16.44,1.0,1,0.2077,2,0.2857,0.3317,0.2882,0
design,music,0,450.33,580.48,0.7758,31.46,15.87,1.0,0,0.1487,1,0.3909,0.3293,0.1615,0
design,video,0,5417.04,6470.14,0.8372,38.76,17.45,1.0,0,0.3189,1,0.4757,0.3647,0.2983,0
photography,design,0,9875.55,12168.47,0.8116,20.55,7.04,1.0,1,0.168,5,0.4806,0.3545,0.3307,1
photography,motion_graphics,0,8207.9,20462.72,0.4011,8.31,13.27,0.4034,1,0.1696,2,0.3758,0.255,0.1761,0
motion_graphics,design,1,10053.56,8951.91,0.8904,24.63,5.11,1.0,1,0.3266,7,0.2618,0.406,0.3896,1
video,writing,0,806.78,1561.65,0.5166,14.24,8.04,1.0,1,0.1751,2,0.3678,0.497,0.164,0
motion_graphics,video,1,6019.66,8443.04,0.713,30.66,26.94,1.0,0,0.2143,5,0.1851,0.1006,0.3727,1
music,video,0,7295.12,16035.37,0.4549,11.54,7.62,1.0,0,0.1786,2,0.2654,0.2932,0.2799,0
design,music,0,7299.79,5033.72,0.6896,5.44,6.42,0.8217,0,0.1444,0,0.3898,0.2439,0.1044,0
design,photography,0,6825.08,12862.65,0.5306,8.88,10.46,0.8222,0,0.2659,4,0.2858,0.2723,0.3444,0
writing,photography,0,4009.93,6527.06,0.6144,35.47,5.4,1.0,0,0.1881,2,0.3122,0.1759,0.2325,0
design,video,0,9490.31,14252.0,0.6659,20.79,6.3,1.0,1,0.111,4,0.3011,0.4841,0.2547,1
writing,writing,1,2855.78,2676.24,0.9371,43.97,13.85,1.0,0,0.1586,8,0.411,0.2569,0.4899,1
design,music,0,9860.25,14996.01,0.6575,31.38,10.44,1.0,0,0.1629,7,0.3501,0.3035,0.2451,1
video,motion_graphics,1,7501.88,8067.67,0.9299,41.4,23.03,1.0,0,0.292,5,0.3584,0.3285,0.6041,1
photography,music,0,1952.68,3311.61,0.5896,33.71,10.51,1.0,1,0.1348,4,0.3684,0.2922,0.301,0
video,photography,1,3151.11,3183.74,0.9897,9.71,10.68,0.9001,0,0.2865,9,0.0098,0.187,0.4947,1
writing,music,1,9075.98,7749.4,0.8538,13.1,8.51,1.0,0,0.335,7,0.3881,0.2517,0.483,1
motion_graphics,design,1,9419.73,5705.51,0.6057,30.04,10.92,1.0,1,0.0349,5,0.4615,0.3386,0.6828,1
motion_graphics,music,0,1509.26,2779.89,0.5429,12.15,1.17,1.0,0,0.195,1,0.3783,0.4188,0.2649,0
motion_graphics,motion_graphics,1,10163.6,16124.27,0.6303,39.44,23.31,1.0,1,0.124,1,0.4445,0.1818,0.3788,1
design,motion_graphics,1,2297.61,2432.84,0.9444,14.36,13.0,1.0,1,0.1024,2,0.3228,0.3047,0.4298,1
motion_graphics,writing,0,7245.5,8839.59,0.8197,32.87,17.36,1.0,0,0.2756,2,0.2685,0.3331,0.3812,0
music,motion_graphics,0,10427.86,8312.39,0.7971,40.98,7.96,1.0,0,0.3685,4,0.2319,0.3213,0.3079,1
music,writing,1,6350.34,12290.91,0.5167,16.62,10.21,1.0,1,0.2575,1,0.4107,0.151,0.4106,1
writing,music,1,9180.14,4041.95,0.4403,12.08,7.34,1.0,1,0.1795,5,0.358,0.3152,0.4649,0
music,music,1,5766.78,6949.99,0.8298,15.52,6.89,1.0,1,0.2764,5,0.1959,0.324,0.3408,1
music,writing,1,5996.27,3367.02,0.5615,33.26,24.58,1.0,1,0.2603,4,0.2415,0.288,0.4548,1
music,video,0,11130.35,5917.51,0.5317,11.55,2.69,1.0,1,0.1815,1,0.4475,0.4582,0.378,0
design,music,0,10883.85,19143.36,0.5685,15.42,2.92,1.0,0,0.4034,5,0.4738,0.3192,0.3619,0
motion_graphics,music,0,4463.32,9097.46,0.4906,26.88,10.07,1.0,0,0.2333,4,0.3077,0.2563,0.2845,0
writing,writing,1,4166.64,2823.54,0.6777,31.89,6.74,1.0,0,0.1703,4,0.4889,0.4518,0.531,1
writing,video,0,8825.94,20949.44,0.4213,13.75,10.84,1.0,0,0.3762,3,0.402,0.296,0.2952,0
design,music,0,5492.02,11470.35,0.4788,30.38,24.0,1.0,1,0.2762,1,0.2512,0.1896,0.1796,0
video,video,1,3356.21,2713.16,0.8084,9.48,4.83,1.0,0,0.268,7,0.3509,0.2856,0.5638,1
design,video,0,2710.3,6580.75,0.4119,29.04,9.6,1.0,0,0.153,5,0.2361,0.2148,0.1976,0
music,writing,1,4146.95,3752.59,0.9049,16.19,4.42,1.0,0,0.2227,6,0.3043,0.2234,0.2185,1
writing,photography,0,6019.91,10460.43,0.5755,42.65,11.0,1.0,0,0.2542,0,0.2902,0.251,0.4409,0
writing,design,0,4861.03,4813.03,0.9901,44.65,14.92,1.0,0,0.1988,2,0.3377,0.4979,0.1164,0
writing,video,0,9429.78,28292.75,0.3333,39.2,27.17,1.0,1,0.1856,2,0.1664,0.3083,0.4006,0
video,writing,0,688.33,185.72,0.2698,15.53,2.64,1.0,0,0.1103,3,0.3578,0.2442,0.2832,0
writing,design,0,2515.96,2160.65,0.8588,42.96,21.16,1.0,0,0.0917,6,0.3118,0.3406,0.3052,1
photography,writing,0,3850.61,10114.89,0.3807,25.74,23.68,1.0,1,0.1758,4,0.044,0.3235,0.1866,0
writing,design,0,10588.3,28798.85,0.3677,5.93,3.29,1.0,1,0.1988,2,0.3571,0.2926,0.3698,0
photography,video,1,3196.7,1550.36,0.485,8.54,5.48,1.0,1,0.3022,5,0.4286,0.2787,0.4073,1
music,video,0,6498.98,12930.47,0.5026,32.24,4.15,1.0,1,0.0175,3,0.3815,0.2234,0.2784,0
design,music,0,7150.24,4161.36,0.582,42.39,59.3,0.6011,1,0.2837,3,0.3896,0.2713,0.3598,0
writing,motion_graphics,0,519.53,334.5,0.6439,27.41,5.87,1.0,1,0.1349,4,0.3547,0.214,0.4022,0
video,design,0,10397.62,23570.64,0.4411,34.15,12.53,1.0,1,0.209,4,0.2543,0.3069,0.2219,0
design,design,1,3729.51,3587.64,0.962,13.65,6.15,1.0,1,0.0066,3,0.3763,0.3625,0.4337,1
motion_graphics,motion_graphics,1,1838.09,2153.22,0.8537,21.08,19.94,1.0,1,0.2453,6,0.3131,0.2352,0.582,1
photography,music,0,11406.18,10654.65,0.9341,3.07,6.15,0.0,0,0.0959,6,0.2928,0.1391,0.2325,1
design,photography,0,4728.78,3083.52,0.6521,20.46,9.76,1.0,1,0.1711,3,0.3101,0.3347,0.2375,0
design,design,1,10790.68,9968.51,0.9238,18.64,11.04,1.0,1,0.3466,2,0.3159,0.2782,0.4315,1
design,motion_graphics,1,7012.91,6758.21,0.9637,42.09,33.61,1.0,0,0.3712,3,0.4215,0.3734,0.5432,1
video,photography,1,2903.06,2774.39,0.9557,42.37,11.66,1.0,1,0.3373,3,0.2819,0.1962,0.3414,1
design,motion_graphics,1,5921.52,3706.6,0.626,11.48,9.04,1.0,0,0.281,3,0.5538,0.22,0.4982,1
motion_graphics,design,1,10076.44,10482.98,0.9612,23.12,22.58,1.0,1,0.2208,3,0.3804,0.2224,0.3466,1
photography,motion_graphics,0,9317.4,14843.19,0.6277,38.54,17.58,1.0,0,0.3164,3,0.2973,0.3293,0.2762,1
music,video,0,474.92,301.32,0.6345,27.25,2.28,1.0,1,0.2849,2,0.3499,0.2054,0.1745,1
music,design,0,5775.16,8053.82,0.7171,33.44,8.39,1.0,1,0.2062,2,0.231,0.2853,0.4444,1
motion_graphics,music,0,2985.47,2034.46,0.6815,41.63,13.42,1.0,1,0.1181,0,0.3675,0.2047,0.2079,1
writing,music,1,10082.94,3390.82,0.3363,11.67,7.19,1.0,1,0.2378,5,0.2976,0.335,0.3495,1
writing,motion_graphics,0,5394.2,6080.44,0.8871,25.82,9.61,1.0,0,0.2558,4,0.3282,0.4772,0.4455,1
writing,writing,1,9389.17,12516.39,0.7502,22.26,18.1,1.0,1,0.3652,8,0.2823,0.3149,0.6477,1
video,video,1,7954.05,8827.15,0.9011,21.98,10.08,1.0,0,0.3883,8,0.1409,0.3615,0.2791,1
music,video,0,2588.14,2301.6,0.8893,7.99,7.5,1.0,1,0.1972,2,0.1258,0.2079,0.187,1
design,motion_graphics,1,4194.11,2787.82,0.6647,23.93,14.56,1.0,1,0.1978,4,0.1537,0.3403,0.3867,1
photography,music,0,1294.96,3498.13,0.3702,8.29,3.63,1.0,0,0.1518,4,0.5108,0.1745,0.1193,0
photography,writing,0,1895.07,1702.87,0.8986,19.84,16.96,1.0,1,0.0853,5,0.1538,0.1362,0.3059,0
motion_graphics,video,1,5123.72,3242.06,0.6328,4.47,2.21,1.0,1,0.1953,1,0.4856,0.2589,0.519,1
music,motion_graphics,0,7009.12,7012.25,0.9996,18.93,3.71,1.0,0,0.1159,0,0.4425,0.3147,0.1776,0
photography,design,0,2029.22,4482.15,0.4527,23.8,22.69,1.0,0,0.139,0,0.3179,0.4276,0.4538,0
photography,motion_graphics,0,4141.03,3077.01,0.7431,22.05,15.86,1.0,1,0.0649,0,0.4734,0.4008,0.27,0
music,photography,0,4031.71,5572.62,0.7235,19.86,8.4,1.0,1,0.1709,4,0.3033,0.2388,0.3653,0
writing,design,0,10024.59,5421.39,0.5408,34.22,9.45,1.0,1,0.2916,2,0.2797,0.2059,0.1067,0
music,design,0,6473.43,12630.38,0.5125,15.47,8.07,1.0,1,0.0594,6,0.2208,0.3153,0.1759,1
motion_graphics,writing,0,8113.09,11171.76,0.7262,17.31,11.73,1.0,1,0.1879,0,0.3853,0.2993,0.3354,1
design,writing,0,2643.22,5380.69,0.4912,3.93,5.86,0.5073,0,0.1109,0,0.4153,0.3591,0.1986,0
video,video,1,2146.06,968.41,0.4513,27.04,12.14,1.0,1,0.4259,3,0.3276,0.202,0.5834,1
motion_graphics,motion_graphics,1,9008.93,11346.26,0.794,34.71,19.44,1.0,1,0.2485,2,0.2331,0.3365,0.2813,1
photography,design,0,11056.25,3743.6,0.3386,34.54,16.84,1.0,0,0.0375,0,0.3252,0.169,0.3042,0
music,writing,1,9110.8,16542.69,0.5507,44.65,15.55,1.0,1,0.1332,7,0.3736,0.236,0.4742,1
music,writing,1,4169.42,4613.73,0.9037,17.09,9.36,1.0,1,0.128,8,0.4019,0.2524,0.2631,1
design,video,0,8649.51,22514.11,0.3842,11.48,5.15,1.0,0,0.0561,1,0.4474,0.2144,0.4221,0
motion_graphics,music,0,5664.35,5384.6,0.9506,40.27,18.09,1.0,0,0.2098,1,0.3615,0.4431,0.2124,0
music,motion_graphics,0,2359.23,1967.94,0.8341,39.27,32.89,1.0,0,0.1433,2,0.3117,0.3397,0.1437,1
writing,design,0,2571.23,2899.53,0.8868,44.7,6.51,1.0,0,0.2624,3,0.177,0.3524,0.363,0
motion_graphics,design,1,1421.55,1122.44,0.7896,22.47,9.54,1.0,1,0.3543,6,0.4263,0.3166,0.4056,1
writing,music,1,3131.56,3770.31,0.8306,15.39,6.35,1.0,0,0.2586,1,0.3552,0.3272,0.5352,1
video,writing,0,4547.89,11629.64,0.3911,36.05,7.5,1.0,0,0.1839,4,0.3096,0.3606,0.1096,0
design,video,0,3238.28,3604.59,0.8984,44.86,7.95,1.0,1,0.094,1,0.37,0.221,0.0983,1
video,video,1,10316.96,15532.01,0.6642,26.48,12.81,1.0,0,0.3228,5,0.5198,0.2775,0.4641,1
photography,motion_graphics,0,11042.23,10409.0,0.9427,20.41,1.0,1.0,0,0.1396,5,0.1493,0.5008,0.1575,0
music,photography,0,10554.38,5452.09,0.5166,4.6,3.86,1.0,0,0.1406,3,0.3885,0.1865,0.3946,0
music,photography,0,1715.23,901.78,0.5258,33.2,4.06,1.0,0,0.288,2,0.398,0.3152,0.2809,1
video,motion_graphics,1,2946.78,4716.66,0.6248,29.91,8.41,1.0,1,0.4024,4,0.0731,0.556,0.4924,1
writing,photography,0,4174.09,4345.64,0.9605,18.35,10.04,1.0,0,0.0869,2,0.3471,0.2951,0.327,0
writing,music,1,10151.4,10581.0,0.9594,34.35,9.88,1.0,1,0.3161,4,0.1464,0.2164,0.4915,1
motion_graphics,motion_graphics,1,6603.56,4433.64,0.6714,37.82,8.07,1.0,1,0.1953,1,0.3501,0.3492,0.3878,1
motion_graphics,motion_graphics,1,4655.59,5638.51,0.8257,23.98,14.31,1.0,1,0.237,2,0.5614,0.2286,0.5579,1
motion_graphics,writing,0,6977.04,10691.03,0.6526,23.21,10.11,1.0,0,0.1357,7,0.3373,0.4783,0.3272,0
